{
    "loss": 5.108936786651611,
    "accuracy": 0.5035971403121948
}