{
    "loss": 4.743937969207764,
    "accuracy": 0.5611510872840881
}