{
    "loss": 12.383581161499023,
    "accuracy": 0.5179855823516846
}