{
    "loss": 87.0355224609375,
    "accuracy": 0.5179855823516846
}